"#pciid","define","family","mobility","igp","nocrtc2","Nointtvout","singledac","name"
"0x3150","RV380_3150","RV380",1,,,,,"ATI Radeon Mobility X600 (M24) 3150 (PCIE)"
"0x3151","RV380_3151","RV380",,,,,,"ATI FireMV 2400 (PCI)"
"0x3152","RV380_3152","RV380",1,,,,,"ATI Radeon Mobility X300 (M24) 3152 (PCIE)"
"0x3154","RV380_3154","RV380",1,,,,,"ATI FireGL M24 GL 3154 (PCIE)"
"0x3155","RV380_3155","RV380",1,,,,,"ATI FireMV 2400 3155 (PCI)"
"0x3E50","RV380_3E50","RV380",,,,,,"ATI Radeon X600 (RV380) 3E50 (PCIE)"
"0x3E54","RV380_3E54","RV380",,,,,,"ATI FireGL V3200 (RV380) 3E54 (PCIE)"
"0x4136","RS100_4136","RS100",,1,,,1,"ATI Radeon IGP320 (A3) 4136"
"0x4137","RS200_4137","RS200",,1,,,1,"ATI Radeon IGP330/340/350 (A4) 4137"
"0x4144","R300_AD","R300",,,,,,"ATI Radeon 9500 AD (AGP)"
"0x4145","R300_AE","R300",,,,,,"ATI Radeon 9500 AE (AGP)"
"0x4146","R300_AF","R300",,,,,,"ATI Radeon 9600TX AF (AGP)"
"0x4147","R300_AG","R300",,,,,,"ATI FireGL Z1 AG (AGP)"
"0x4148","R350_AH","R350",,,,,,"ATI Radeon 9800SE AH (AGP)"
"0x4149","R350_AI","R350",,,,,,"ATI Radeon 9800 AI (AGP)"
"0x414A","R350_AJ","R350",,,,,,"ATI Radeon 9800 AJ (AGP)"
"0x414B","R350_AK","R350",,,,,,"ATI FireGL X2 AK (AGP)"
"0x4150","RV350_AP","RV350",,,,,,"ATI Radeon 9600 AP (AGP)"
"0x4151","RV350_AQ","RV350",,,,,,"ATI Radeon 9600SE AQ (AGP)"
"0x4152","RV360_AR","RV350",,,,,,"ATI Radeon 9600XT AR (AGP)"
"0x4153","RV350_AS","RV350",,,,,,"ATI Radeon 9600 AS (AGP)"
"0x4154","RV350_AT","RV350",,,,,,"ATI FireGL T2 AT (AGP)"
"0x4155","RV350_4155","RV350",,,,,,"ATI Radeon 9650"
"0x4156","RV350_AV","RV350",,,,,,"ATI FireGL RV360 AV (AGP)"
"0x4158","MACH32","MACH32",,,,,,
"0x4237","RS250_4237","RS200",,1,,,1,"ATI Radeon 7000 IGP (A4+) 4237"
"0x4242","R200_BB","R200",,,,1,,"ATI Radeon 8500 AIW BB (AGP)"
"0x4336","RS100_4336","RS100",1,1,,,1,"ATI Radeon IGP320M (U1) 4336"
"0x4337","RS200_4337","RS200",1,1,,,1,"ATI Radeon IGP330M/340M/350M (U2) 4337"
"0x4354","MACH64CT","MACH64",,,,,,
"0x4358","MACH64CX","MACH64",,,,,,
"0x4437","RS250_4437","RS200",1,1,,,1,"ATI Radeon Mobility 7000 IGP 4437"
"0x4554","MACH64ET","MACH64",,,,,,
"0x4742","MACH64GB","MACH64",,,,,,
"0x4744","MACH64GD","MACH64",,,,,,
"0x4749","MACH64GI","MACH64",,,,,,
"0x474C","MACH64GL","MACH64",,,,,,
"0x474D","MACH64GM","MACH64",,,,,,
"0x474E","MACH64GN","MACH64",,,,,,
"0x474F","MACH64GO","MACH64",,,,,,
"0x4750","MACH64GP","MACH64",,,,,,
"0x4751","MACH64GQ","MACH64",,,,,,
"0x4752","MACH64GR","MACH64",,,,,,
"0x4753","MACH64GS","MACH64",,,,,,
"0x4754","MACH64GT","MACH64",,,,,,
"0x4755","MACH64GU","MACH64",,,,,,
"0x4756","MACH64GV","MACH64",,,,,,
"0x4757","MACH64GW","MACH64",,,,,,
"0x4758","MACH64GX","MACH64",,,,,,
"0x4759","MACH64GY","MACH64",,,,,,
"0x475A","MACH64GZ","MACH64",,,,,,
"0x4966","RV250_If","RV250",,,,,,"ATI Radeon 9000/PRO If (AGP/PCI)"
"0x4967","RV250_Ig","RV250",,,,,,"ATI Radeon 9000 Ig (AGP/PCI)"
"0x4A48","R420_JH","R420",,,,,,"ATI Radeon X800 (R420) JH (AGP)"
"0x4A49","R420_JI","R420",,,,,,"ATI Radeon X800PRO (R420) JI (AGP)"
"0x4A4A","R420_JJ","R420",,,,,,"ATI Radeon X800SE (R420) JJ (AGP)"
"0x4A4B","R420_JK","R420",,,,,,"ATI Radeon X800 (R420) JK (AGP)"
"0x4A4C","R420_JL","R420",,,,,,"ATI Radeon X800 (R420) JL (AGP)"
"0x4A4D","R420_JM","R420",,,,,,"ATI FireGL X3 (R420) JM (AGP)"
"0x4A4E","R420_JN","R420",1,,,,,"ATI Radeon Mobility 9800 (M18) JN (AGP)"
"0x4A4F","R420_4A4F","R420",,,,,,"ATI Radeon X800 SE (R420) (AGP)"
"0x4A50","R420_JP","R420",,,,,,"ATI Radeon X800XT (R420) JP (AGP)"
"0x4A54","R420_JT","R420",,,,,,"ATI Radeon X800 VE (R420) JT (AGP)"
"0x4B48","R481_4B48","R420",,,,,,"ATI Radeon X850 (R480) (AGP)"
"0x4B49","R481_4B49","R420",,,,,,"ATI Radeon X850 XT (R480) (AGP)"
"0x4B4A","R481_4B4A","R420",,,,,,"ATI Radeon X850 SE (R480) (AGP)"
"0x4B4B","R481_4B4B","R420",,,,,,"ATI Radeon X850 PRO (R480) (AGP)"
"0x4B4C","R481_4B4C","R420",,,,,,"ATI Radeon X850 XT PE (R480) (AGP)"
"0x4C42","MACH64LB","MACH64",,,,,,
"0x4C44","MACH64LD","MACH64",,,,,,
"0x4C45","RAGE128LE","R128",,,,,,
"0x4C46","RAGE128LF","R128",,,,,,
"0x4C47","MACH64LG","MACH64",,,,,,
"0x4C49","MACH64LI","MACH64",,,,,,
"0x4C4D","MACH64LM","MACH64",,,,,,
"0x4C4E","MACH64LN","MACH64",,,,,,
"0x4C50","MACH64LP","MACH64",,,,,,
"0x4C51","MACH64LQ","MACH64",,,,,,
"0x4C52","MACH64LR","MACH64",,,,,,
"0x4C53","MACH64LS","MACH64",,,,,,
"0x4C57","RADEON_LW","RV200",1,,,,,"ATI Radeon Mobility M7 LW (AGP)"
"0x4C58","RADEON_LX","RV200",1,,,,,"ATI Mobility FireGL 7800 M7 LX (AGP)"
"0x4C59","RADEON_LY","RV100",1,,,,,"ATI Radeon Mobility M6 LY (AGP)"
"0x4C5A","RADEON_LZ","RV100",1,,,,,"ATI Radeon Mobility M6 LZ (AGP)"
"0x4C64","RV250_Ld","RV250",1,,,,,"ATI FireGL Mobility 9000 (M9) Ld (AGP)"
"0x4C66","RV250_Lf","RV250",1,,,,,"ATI Radeon Mobility 9000 (M9) Lf (AGP)"
"0x4C67","RV250_Lg","RV250",1,,,,,"ATI Radeon Mobility 9000 (M9) Lg (AGP)"
"0x4C6E","RV280_4C6E","RV280",1,,,,,"ATI FireMV 2400 PCI"
"0x4D46","RAGE128MF","R128",,,,,,
"0x4D4C","RAGE128ML","R128",,,,,,
"0x4E44","R300_ND","R300",,,,,,"ATI Radeon 9700 Pro ND (AGP)"
"0x4E45","R300_NE","R300",,,,,,"ATI Radeon 9700/9500Pro NE (AGP)"
"0x4E46","R300_NF","R300",,,,,,"ATI Radeon 9600TX NF (AGP)"
"0x4E47","R300_NG","R300",,,,,,"ATI FireGL X1 NG (AGP)"
"0x4E48","R350_NH","R350",,,,,,"ATI Radeon 9800PRO NH (AGP)"
"0x4E49","R350_NI","R350",,,,,,"ATI Radeon 9800 NI (AGP)"
"0x4E4A","R360_NJ","R350",,,,,,"ATI FireGL X2 NK (AGP)"
"0x4E4B","R350_NK","R350",,,,,,"ATI Radeon 9800XT NJ (AGP)"
"0x4E50","RV350_NP","RV350",1,,,,,"ATI Radeon Mobility 9600/9700 (M10/M11) NP (AGP)"
"0x4E51","RV350_NQ","RV350",1,,,,,"ATI Radeon Mobility 9600 (M10) NQ (AGP)"
"0x4E52","RV350_NR","RV350",1,,,,,"ATI Radeon Mobility 9600 (M11) NR (AGP)"
"0x4E53","RV350_NS","RV350",1,,,,,"ATI Radeon Mobility 9600 (M10) NS (AGP)"
"0x4E54","RV350_NT","RV350",1,,,,,"ATI FireGL Mobility T2 (M10) NT (AGP)"
"0x4E56","RV350_NV","RV350",1,,,,,"ATI FireGL Mobility T2e (M11) NV (AGP)"
"0x5041","RAGE128PA","R128",,,,,,
"0x5042","RAGE128PB","R128",,,,,,
"0x5043","RAGE128PC","R128",,,,,,
"0x5044","RAGE128PD","R128",,,,,,
"0x5045","RAGE128PE","R128",,,,,,
"0x5046","RAGE128PF","R128",,,,,,
"0x5047","RAGE128PG","R128",,,,,,
"0x5048","RAGE128PH","R128",,,,,,
"0x5049","RAGE128PI","R128",,,,,,
"0x504A","RAGE128PJ","R128",,,,,,
"0x504B","RAGE128PK","R128",,,,,,
"0x504C","RAGE128PL","R128",,,,,,
"0x504D","RAGE128PM","R128",,,,,,
"0x504E","RAGE128PN","R128",,,,,,
"0x504F","RAGE128PO","R128",,,,,,
"0x5050","RAGE128PP","R128",,,,,,
"0x5051","RAGE128PQ","R128",,,,,,
"0x5052","RAGE128PR","R128",,,,,,
"0x5053","RAGE128PS","R128",,,,,,
"0x5054","RAGE128PT","R128",,,,,,
"0x5055","RAGE128PU","R128",,,,,,
"0x5056","RAGE128PV","R128",,,,,,
"0x5057","RAGE128PW","R128",,,,,,
"0x5058","RAGE128PX","R128",,,,,,
"0x5144","RADEON_QD","RADEON",,,1,1,,"ATI Radeon QD (AGP)"
"0x5145","RADEON_QE","RADEON",,,1,1,,"ATI Radeon QE (AGP)"
"0x5146","RADEON_QF","RADEON",,,1,1,,"ATI Radeon QF (AGP)"
"0x5147","RADEON_QG","RADEON",,,1,1,,"ATI Radeon QG (AGP)"
"0x5148","R200_QH","R200",,,,1,,"ATI FireGL 8700/8800 QH (AGP)"
"0x514C","R200_QL","R200",,,,1,,"ATI Radeon 8500 QL (AGP)"
"0x514D","R200_QM","R200",,,,1,,"ATI Radeon 9100 QM (AGP)"
"0x5157","RV200_QW","RV200",,,,,,"ATI Radeon 7500 QW (AGP/PCI)"
"0x5158","RV200_QX","RV200",,,,,,"ATI Radeon 7500 QX (AGP/PCI)"
"0x5159","RV100_QY","RV100",,,,,,"ATI Radeon VE/7000 QY (AGP/PCI)"
"0x515A","RV100_QZ","RV100",,,,,,"ATI Radeon VE/7000 QZ (AGP/PCI)"
"0x515E","RN50_515E","RV100",,,1,,,"ATI ES1000 515E (PCI)"
"0x5245","RAGE128RE","R128",,,,,,
"0x5246","RAGE128RF","R128",,,,,,
"0x5247","RAGE128RG","R128",,,,,,
"0x524B","RAGE128RK","R128",,,,,,
"0x524C","RAGE128RL","R128",,,,,,
"0x5345","RAGE128SE","R128",,,,,,
"0x5346","RAGE128SF","R128",,,,,,
"0x5347","RAGE128SG","R128",,,,,,
"0x5348","RAGE128SH","R128",,,,,,
"0x534B","RAGE128SK","R128",,,,,,
"0x534C","RAGE128SL","R128",,,,,,
"0x534D","RAGE128SM","R128",,,,,,
"0x534E","RAGE128SN","R128",,,,,,
"0x5446","RAGE128TF","R128",,,,,,
"0x544C","RAGE128TL","R128",,,,,,
"0x5452","RAGE128TR","R128",,,,,,
"0x5453","RAGE128TS","R128",,,,,,
"0x5454","RAGE128TT","R128",,,,,,
"0x5455","RAGE128TU","R128",,,,,,
"0x5460","RV370_5460","RV380",1,,,,,"ATI Radeon Mobility X300 (M22) 5460 (PCIE)"
"0x5462","RV370_5462","RV380",1,,,,,"ATI Radeon Mobility X600 SE (M24C) 5462 (PCIE)"
"0x5464","RV370_5464","RV380",1,,,,,"ATI FireGL M22 GL 5464 (PCIE)"
"0x5548","R423_UH","R420",,,,,,"ATI Radeon X800 (R423) UH (PCIE)"
"0x5549","R423_UI","R420",,,,,,"ATI Radeon X800PRO (R423) UI (PCIE)"
"0x554A","R423_UJ","R420",,,,,,"ATI Radeon X800LE (R423) UJ (PCIE)"
"0x554B","R423_UK","R420",,,,,,"ATI Radeon X800SE (R423) UK (PCIE)"
"0x554C","R430_554C","R420",,,,,,"ATI Radeon X800 XTP (R430) (PCIE)"
"0x554D","R430_554D","R420",,,,,,"ATI Radeon X800 XL (R430) (PCIE)"
"0x554E","R430_554E","R420",,,,,,"ATI Radeon X800 SE (R430) (PCIE)"
"0x554F","R430_554F","R420",,,,,,"ATI Radeon X800 (R430) (PCIE)"
"0x5550","R423_5550","R420",,,,,,"ATI FireGL V7100 (R423) (PCIE)"
"0x5551","R423_UQ","R420",,,,,,"ATI FireGL V5100 (R423) UQ (PCIE)"
"0x5552","R423_UR","R420",,,,,,"ATI FireGL unknown (R423) UR (PCIE)"
"0x5554","R423_UT","R420",,,,,,"ATI FireGL unknown (R423) UT (PCIE)"
"0x564A","RV410_564A","RV410",1,,,,,"ATI Mobility FireGL V5000 (M26) (PCIE)"
"0x564B","RV410_564B","RV410",1,,,,,"ATI Mobility FireGL V5000 (M26) (PCIE)"
"0x564F","RV410_564F","RV410",1,,,,,"ATI Mobility Radeon X700 XL (M26) (PCIE)"
"0x5652","RV410_5652","RV410",1,,,,,"ATI Mobility Radeon X700 (M26) (PCIE)"
"0x5653","RV410_5653","RV410",1,,,,,"ATI Mobility Radeon X700 (M26) (PCIE)"
"0x5657","RV410_5657","RV410",,,,,,"ATI Radeon X550XTX 5657 (PCIE)"
"0x5654","MACH64VT","MACH64",,,,,,
"0x5655","MACH64VU","MACH64",,,,,,
"0x5656","MACH64VV","MACH64",,,,,,
"0x5834","RS300_5834","RS300",,1,,,1,"ATI Radeon 9100 IGP (A5) 5834"
"0x5835","RS300_5835","RS300",1,1,,,1,"ATI Radeon Mobility 9100 IGP (U3) 5835"
"0x5954","RS480_5954","RS480",,1,,,1,"ATI Radeon XPRESS 200 5954 (PCIE)"
"0x5955","RS480_5955","RS480",1,1,,,1,"ATI Radeon XPRESS 200M 5955 (PCIE)"
"0x5960","RV280_5960","RV280",,,,,,"ATI Radeon 9250 5960 (AGP)"
"0x5961","RV280_5961","RV280",,,,,,"ATI Radeon 9200 5961 (AGP)"
"0x5962","RV280_5962","RV280",,,,,,"ATI Radeon 9200 5962 (AGP)"
"0x5964","RV280_5964","RV280",,,,,,"ATI Radeon 9200SE 5964 (AGP)"
"0x5965","RV280_5965","RV280",,,,,,"ATI FireMV 2200 (PCI)"
"0x5969","RN50_5969","RV100",,,1,,,"ATI ES1000 5969 (PCI)"
"0x5974","RS482_5974","RS480",1,1,,,1,"ATI Radeon XPRESS 200 5974 (PCIE)"
"0x5975","RS485_5975","RS480",1,1,,,1,"ATI Radeon XPRESS 200M 5975 (PCIE)"
"0x5A41","RS400_5A41","RS400",,1,,,1,"ATI Radeon XPRESS 200 5A41 (PCIE)"
"0x5A42","RS400_5A42","RS400",1,1,,,1,"ATI Radeon XPRESS 200M 5A42 (PCIE)"
"0x5A61","RC410_5A61","RS400",,1,,,1,"ATI Radeon XPRESS 200 5A61 (PCIE)"
"0x5A62","RC410_5A62","RS400",1,1,,,1,"ATI Radeon XPRESS 200M 5A62 (PCIE)"
"0x5B60","RV370_5B60","RV380",,,,,,"ATI Radeon X300 (RV370) 5B60 (PCIE)"
"0x5B62","RV370_5B62","RV380",,,,,,"ATI Radeon X600 (RV370) 5B62 (PCIE)"
"0x5B63","RV370_5B63","RV380",,,,,,"ATI Radeon X550 (RV370) 5B63 (PCIE)"
"0x5B64","RV370_5B64","RV380",,,,,,"ATI FireGL V3100 (RV370) 5B64 (PCIE)"
"0x5B65","RV370_5B65","RV380",,,,,,"ATI FireMV 2200 PCIE (RV370) 5B65 (PCIE)"
"0x5C61","RV280_5C61","RV280",1,,,,,"ATI Radeon Mobility 9200 (M9+) 5C61 (AGP)"
"0x5C63","RV280_5C63","RV280",1,,,,,"ATI Radeon Mobility 9200 (M9+) 5C63 (AGP)"
"0x5D48","R430_5D48","R420",1,,,,,"ATI Mobility Radeon X800 XT (M28) (PCIE)"
"0x5D49","R430_5D49","R420",1,,,,,"ATI Mobility FireGL V5100 (M28) (PCIE)"
"0x5D4A","R430_5D4A","R420",1,,,,,"ATI Mobility Radeon X800 (M28) (PCIE)"
"0x5D4C","R480_5D4C","R420",,,,,,"ATI Radeon X850 5D4C (PCIE)"
"0x5D4D","R480_5D4D","R420",,,,,,"ATI Radeon X850 XT PE (R480) (PCIE)"
"0x5D4E","R480_5D4E","R420",,,,,,"ATI Radeon X850 SE (R480) (PCIE)"
"0x5D4F","R480_5D4F","R420",,,,,,"ATI Radeon X850 PRO (R480) (PCIE)"
"0x5D50","R480_5D50","R420",,,,,,"ATI unknown Radeon / FireGL (R480) 5D50 (PCIE)"
"0x5D52","R480_5D52","R420",,,,,,"ATI Radeon X850 XT (R480) (PCIE)"
"0x5D57","R423_5D57","R420",,,,,,"ATI Radeon X800XT (R423) 5D57 (PCIE)"
"0x5E48","RV410_5E48","RV410",,,,,,"ATI FireGL V5000 (RV410) (PCIE)"
"0x5E4A","RV410_5E4A","RV410",,,,,,"ATI Radeon X700 XT (RV410) (PCIE)"
"0x5E4B","RV410_5E4B","RV410",,,,,,"ATI Radeon X700 PRO (RV410) (PCIE)"
"0x5E4C","RV410_5E4C","RV410",,,,,,"ATI Radeon X700 SE (RV410) (PCIE)"
"0x5E4D","RV410_5E4D","RV410",,,,,,"ATI Radeon X700 (RV410) (PCIE)"
"0x5E4F","RV410_5E4F","RV410",,,,,,"ATI Radeon X700 SE (RV410) (PCIE)"
"0x7100","R520_7100","R520",,,,,,"ATI Radeon X1800"
"0x7101","R520_7101","R520",1,,,,,"ATI Mobility Radeon X1800 XT"
"0x7102","R520_7102","R520",1,,,,,"ATI Mobility Radeon X1800"
"0x7103","R520_7103","R520",1,,,,,"ATI Mobility FireGL V7200"
"0x7104","R520_7104","R520",,,,,,"ATI FireGL V7200"
"0x7105","R520_7105","R520",,,,,,"ATI FireGL V5300"
"0x7106","R520_7106","R520",1,,,,,"ATI Mobility FireGL V7100"
"0x7108","R520_7108","R520",,,,,,"ATI Radeon X1800"
"0x7109","R520_7109","R520",,,,,,"ATI Radeon X1800"
"0x710A","R520_710A","R520",,,,,,"ATI Radeon X1800"
"0x710B","R520_710B","R520",,,,,,"ATI Radeon X1800"
"0x710C","R520_710C","R520",,,,,,"ATI Radeon X1800"
"0x710E","R520_710E","R520",,,,,,"ATI FireGL V7300"
"0x710F","R520_710F","R520",,,,,,"ATI FireGL V7350"
"0x7140","RV515_7140","RV515",,,,,,"ATI Radeon X1600"
"0x7141","RV515_7141","RV515",,,,,,"ATI RV505"
"0x7142","RV515_7142","RV515",,,,,,"ATI Radeon X1300/X1550"
"0x7143","RV515_7143","RV515",,,,,,"ATI Radeon X1550"
"0x7144","RV515_7144","RV515",1,,,,,"ATI M54-GL"
"0x7145","RV515_7145","RV515",1,,,,,"ATI Mobility Radeon X1400"
"0x7146","RV515_7146","RV515",,,,,,"ATI Radeon X1300/X1550"
"0x7147","RV515_7147","RV515",,,,,,"ATI Radeon X1550 64-bit"
"0x7149","RV515_7149","RV515",1,,,,,"ATI Mobility Radeon X1300"
"0x714A","RV515_714A","RV515",1,,,,,"ATI Mobility Radeon X1300"
"0x714B","RV515_714B","RV515",1,,,,,"ATI Mobility Radeon X1300"
"0x714C","RV515_714C","RV515",1,,,,,"ATI Mobility Radeon X1300"
"0x714D","RV515_714D","RV515",,,,,,"ATI Radeon X1300"
"0x714E","RV515_714E","RV515",,,,,,"ATI Radeon X1300"
"0x714F","RV515_714F","RV515",,,,,,"ATI RV505"
"0x7151","RV515_7151","RV515",,,,,,"ATI RV505"
"0x7152","RV515_7152","RV515",,,,,,"ATI FireGL V3300"
"0x7153","RV515_7153","RV515",,,,,,"ATI FireGL V3350"
"0x715E","RV515_715E","RV515",,,,,,"ATI Radeon X1300"
"0x715F","RV515_715F","RV515",,,,,,"ATI Radeon X1550 64-bit"
"0x7180","RV515_7180","RV515",,,,,,"ATI Radeon X1300/X1550"
"0x7181","RV515_7181","RV515",,,,,,"ATI Radeon X1600"
"0x7183","RV515_7183","RV515",,,,,,"ATI Radeon X1300/X1550"
"0x7186","RV515_7186","RV515",1,,,,,"ATI Mobility Radeon X1450"
"0x7187","RV515_7187","RV515",,,,,,"ATI Radeon X1300/X1550"
"0x7188","RV515_7188","RV515",1,,,,,"ATI Mobility Radeon X2300"
"0x718A","RV515_718A","RV515",1,,,,,"ATI Mobility Radeon X2300"
"0x718B","RV515_718B","RV515",1,,,,,"ATI Mobility Radeon X1350"
"0x718C","RV515_718C","RV515",1,,,,,"ATI Mobility Radeon X1350"
"0x718D","RV515_718D","RV515",1,,,,,"ATI Mobility Radeon X1450"
"0x718F","RV515_718F","RV515",,,,,,"ATI Radeon X1300"
"0x7193","RV515_7193","RV515",,,,,,"ATI Radeon X1550"
"0x7196","RV515_7196","RV515",1,,,,,"ATI Mobility Radeon X1350"
"0x719B","RV515_719B","RV515",,,,,,"ATI FireMV 2250"
"0x719F","RV515_719F","RV515",,,,,,"ATI Radeon X1550 64-bit"
"0x71C0","RV530_71C0","RV530",,,,,,"ATI Radeon X1600"
"0x71C1","RV530_71C1","RV530",,,,,,"ATI Radeon X1650"
"0x71C2","RV530_71C2","RV530",,,,,,"ATI Radeon X1600"
"0x71C3","RV530_71C3","RV530",,,,,,"ATI Radeon X1600"
"0x71C4","RV530_71C4","RV530",1,,,,,"ATI Mobility FireGL V5200"
"0x71C5","RV530_71C5","RV530",1,,,,,"ATI Mobility Radeon X1600"
"0x71C6","RV530_71C6","RV530",,,,,,"ATI Radeon X1650"
"0x71C7","RV530_71C7","RV530",,,,,,"ATI Radeon X1650"
"0x71CD","RV530_71CD","RV530",,,,,,"ATI Radeon X1600"
"0x71CE","RV530_71CE","RV530",,,,,,"ATI Radeon X1300 XT/X1600 Pro"
"0x71D2","RV530_71D2","RV530",,,,,,"ATI FireGL V3400"
"0x71D4","RV530_71D4","RV530",1,,,,,"ATI Mobility FireGL V5250"
"0x71D5","RV530_71D5","RV530",1,,,,,"ATI Mobility Radeon X1700"
"0x71D6","RV530_71D6","RV530",1,,,,,"ATI Mobility Radeon X1700 XT"
"0x71DA","RV530_71DA","RV530",,,,,,"ATI FireGL V5200"
"0x71DE","RV530_71DE","RV530",1,,,,,"ATI Mobility Radeon X1700"
"0x7200","RV515_7200","RV515",,,,,,"ATI Radeon X2300HD"
"0x7210","RV515_7210","RV515",1,,,,,"ATI Mobility Radeon HD 2300"
"0x7211","RV515_7211","RV515",1,,,,,"ATI Mobility Radeon HD 2300"
"0x7240","R580_7240","R580",,,,,,"ATI Radeon X1950"
"0x7243","R580_7243","R580",,,,,,"ATI Radeon X1900"
"0x7244","R580_7244","R580",,,,,,"ATI Radeon X1950"
"0x7245","R580_7245","R580",,,,,,"ATI Radeon X1900"
"0x7246","R580_7246","R580",,,,,,"ATI Radeon X1900"
"0x7247","R580_7247","R580",,,,,,"ATI Radeon X1900"
"0x7248","R580_7248","R580",,,,,,"ATI Radeon X1900"
"0x7249","R580_7249","R580",,,,,,"ATI Radeon X1900"
"0x724A","R580_724A","R580",,,,,,"ATI Radeon X1900"
"0x724B","R580_724B","R580",,,,,,"ATI Radeon X1900"
"0x724C","R580_724C","R580",,,,,,"ATI Radeon X1900"
"0x724D","R580_724D","R580",,,,,,"ATI Radeon X1900"
"0x724E","R580_724E","R580",,,,,,"ATI AMD Stream Processor"
"0x724F","R580_724F","R580",,,,,,"ATI Radeon X1900"
"0x7280","RV570_7280","RV570",,,,,,"ATI Radeon X1950"
"0x7281","RV560_7281","RV560",,,,,,"ATI RV560"
"0x7283","RV560_7283","RV560",,,,,,"ATI RV560"
"0x7284","R580_7284","R580",1,,,,,"ATI Mobility Radeon X1900"
"0x7287","RV560_7287","RV560",,,,,,"ATI RV560"
"0x7288","RV570_7288","RV570",,,,,,"ATI Radeon X1950 GT"
"0x7289","RV570_7289","RV570",,,,,,"ATI RV570"
"0x728B","RV570_728B","RV570",,,,,,"ATI RV570"
"0x728C","RV570_728C","RV570",,,,,,"ATI FireGL V7400"
"0x7290","RV560_7290","RV560",,,,,,"ATI RV560"
"0x7291","RV560_7291","RV560",,,,,,"ATI Radeon X1650"
"0x7293","RV560_7293","RV560",,,,,,"ATI Radeon X1650"
"0x7297","RV560_7297","RV560",,,,,,"ATI RV560"
"0x7834","RS350_7834","RS300",,1,,,1,"ATI Radeon 9100 PRO IGP 7834"
"0x7835","RS350_7835","RS300",1,1,,,1,"ATI Radeon Mobility 9200 IGP 7835"
"0x791E","RS690_791E","RS690",,1,,,1,"ATI Radeon X1200"
"0x791F","RS690_791F","RS690",,1,,,1,"ATI Radeon X1200"
"0x793F","RS600_793F","RS600",,1,,,1,"ATI Radeon X1200"
"0x7941","RS600_7941","RS600",,1,,,1,"ATI Radeon X1200"
"0x7942","RS600_7942","RS600",,1,,,1,"ATI Radeon X1200"
"0x796C","RS740_796C","RS740",,1,,,1,"ATI RS740"
"0x796D","RS740_796D","RS740",,1,,,1,"ATI RS740M"
"0x796E","RS740_796E","RS740",,1,,,1,"ATI RS740"
"0x796F","RS740_796F","RS740",,1,,,1,"ATI RS740M"
"0x9400","R600_9400","R600",,,,,,"ATI Radeon HD 2900 XT"
"0x9401","R600_9401","R600",,,,,,"ATI Radeon HD 2900 XT"
"0x9402","R600_9402","R600",,,,,,"ATI Radeon HD 2900 XT"
"0x9403","R600_9403","R600",,,,,,"ATI Radeon HD 2900 Pro"
"0x9405","R600_9405","R600",,,,,,"ATI Radeon HD 2900 GT"
"0x940A","R600_940A","R600",,,,,,"ATI FireGL V8650"
"0x940B","R600_940B","R600",,,,,,"ATI FireGL V8600"
"0x940F","R600_940F","R600",,,,,,"ATI FireGL V7600"
"0x9440","RV770_9440","RV770",,,,,,"ATI Radeon 4800 Series"
"0x9441","RV770_9441","RV770",,,,,,"ATI Radeon HD 4870 x2"
"0x9442","RV770_9442","RV770",,,,,,"ATI Radeon 4800 Series"
"0x9443","RV770_9443","RV770",,,,,,"ATI Radeon HD 4850 x2"
"0x9444","RV770_9444","RV770",,,,,,"ATI FirePro V8750 (FireGL)"
"0x9446","RV770_9446","RV770",,,,,,"ATI FirePro V7760 (FireGL)"
"0x944A","RV770_944A","RV770",1,,,,,"ATI Mobility RADEON HD 4850"
"0x944B","RV770_944B","RV770",1,,,,,"ATI Mobility RADEON HD 4850 X2"
"0x944C","RV770_944C","RV770",,,,,,"ATI Radeon 4800 Series"
"0x944E","RV770_944E","RV770",,,,,,"ATI FirePro RV770"
"0x9450","RV770_9450","RV770",,,,,,"AMD FireStream 9270"
"0x9452","RV770_9452","RV770",,,,,,"AMD FireStream 9250"
"0x9456","RV770_9456","RV770",,,,,,"ATI FirePro V8700 (FireGL)"
"0x945A","RV770_945A","RV770",1,,,,,"ATI Mobility RADEON HD 4870"
"0x945B","RV770_945B","RV770",1,,,,,"ATI Mobility RADEON M98"
"0x945E","RV770_945E","RV770",1,,,,,"ATI Mobility RADEON HD 4870"
"0x9460","RV790_9460","RV770",,,,,,"ATI Radeon 4800 Series"
"0x9462","RV790_9462","RV770",,,,,,"ATI Radeon 4800 Series"
"0x946A","RV770_946A","RV770",1,,,,,"ATI FirePro M7750"
"0x946B","RV770_946B","RV770",1,,,,,"ATI M98"
"0x947A","RV770_947A","RV770",1,,,,,"ATI M98"
"0x947B","RV770_947B","RV770",1,,,,,"ATI M98"
"0x9480","RV730_9480","RV730",1,,,,,"ATI Mobility Radeon HD 4650"
"0x9487","RV730_9487","RV730",,,,,,"ATI Radeon RV730 (AGP)"
"0x9488","RV730_9488","RV730",1,,,,,"ATI Mobility Radeon HD 4670"
"0x9489","RV730_9489","RV730",1,,,,,"ATI FirePro M5750"
"0x948A","RV730_948A","RV730",1,,,,,"ATI Mobility Radeon HD 4670"
"0x948F","RV730_948F","RV730",,,,,,"ATI Radeon RV730 (AGP)"
"0x9490","RV730_9490","RV730",,,,,,"ATI RV730XT [Radeon HD 4670]"
"0x9491","RV730_9491","RV730",,,,,,"ATI RADEON E4600"
"0x9495","RV730_9495","RV730",,,,,,"ATI Radeon HD 4600 Series"
"0x9498","RV730_9498","RV730",,,,,,"ATI RV730 PRO [Radeon HD 4650]"
"0x949C","RV730_949C","RV730",,,,,,"ATI FirePro V7750 (FireGL)"
"0x949E","RV730_949E","RV730",,,,,,"ATI FirePro V5700 (FireGL)"
"0x949F","RV730_949F","RV730",,,,,,"ATI FirePro V3750 (FireGL)"
"0x94A0","RV740_94A0","RV740",1,,,,,"ATI Mobility Radeon HD 4830"
"0x94A1","RV740_94A1","RV740",1,,,,,"ATI Mobility Radeon HD 4850"
"0x94A3","RV740_94A3","RV740",1,,,,,"ATI FirePro M7740"
"0x94B1","RV740_94B1","RV740",,,,,,"ATI RV740"
"0x94B3","RV740_94B3","RV740",,,,,,"ATI Radeon HD 4770"
"0x94B4","RV740_94B4","RV740",,,,,,"ATI Radeon HD 4700 Series"
"0x94B5","RV740_94B5","RV740",,,,,,"ATI Radeon HD 4770"
"0x94B9","RV740_94B9","RV740",1,,,,,"ATI FirePro M5750"
"0x94C0","RV610_94C0","RV610",,,,,,"ATI RV610"
"0x94C1","RV610_94C1","RV610",,,,,,"ATI Radeon HD 2400 XT"
"0x94C3","RV610_94C3","RV610",,,,,,"ATI Radeon HD 2400 Pro"
"0x94C4","RV610_94C4","RV610",,,,,,"ATI Radeon HD 2400 PRO AGP"
"0x94C5","RV610_94C5","RV610",,,,,,"ATI FireGL V4000"
"0x94C6","RV610_94C6","RV610",,,,,,"ATI RV610"
"0x94C7","RV610_94C7","RV610",,,,,,"ATI Radeon HD 2350"
"0x94C8","RV610_94C8","RV610",1,,,,,"ATI Mobility Radeon HD 2400 XT"
"0x94C9","RV610_94C9","RV610",1,,,,,"ATI Mobility Radeon HD 2400"
"0x94CB","RV610_94CB","RV610",1,,,,,"ATI RADEON E2400"
"0x94CC","RV610_94CC","RV610",,,,,,"ATI RV610"
"0x94CD","RV610_94CD","RV610",,,,,,"ATI FireMV 2260"
"0x9500","RV670_9500","RV670",,,,,,"ATI RV670"
"0x9501","RV670_9501","RV670",,,,,,"ATI Radeon HD3870"
"0x9504","RV670_9504","RV670",1,,,,,"ATI Mobility Radeon HD 3850"
"0x9505","RV670_9505","RV670",,,,,,"ATI Radeon HD3850"
"0x9506","RV670_9506","RV670",1,,,,,"ATI Mobility Radeon HD 3850 X2"
"0x9507","RV670_9507","RV670",,,,,,"ATI RV670"
"0x9508","RV670_9508","RV670",1,,,,,"ATI Mobility Radeon HD 3870"
"0x9509","RV670_9509","RV670",1,,,,,"ATI Mobility Radeon HD 3870 X2"
"0x950F","RV670_950F","RV670",,,,,,"ATI Radeon HD3870 X2"
"0x9511","RV670_9511","RV670",,,,,,"ATI FireGL V7700"
"0x9515","RV670_9515","RV670",,,,,,"ATI Radeon HD3850"
"0x9517","RV670_9517","RV670",,,,,,"ATI Radeon HD3690"
"0x9519","RV670_9519","RV670",,,,,,"AMD Firestream 9170"
"0x9540","RV710_9540","RV710",,,,,,"ATI Radeon HD 4550"
"0x9541","RV710_9541","RV710",,,,,,"ATI Radeon RV710"
"0x9542","RV710_9542","RV710",,,,,,"ATI Radeon RV710"
"0x954E","RV710_954E","RV710",,,,,,"ATI Radeon RV710"
"0x954F","RV710_954F","RV710",,,,,,"ATI Radeon HD 4350"
"0x9552","RV710_9552","RV710",1,,,,,"ATI Mobility Radeon 4300 Series"
"0x9553","RV710_9553","RV710",1,,,,,"ATI Mobility Radeon 4500 Series"
"0x9555","RV710_9555","RV710",1,,,,,"ATI Mobility Radeon 4500 Series"
"0x9557","RV710_9557","RV710",1,,,,,"ATI FirePro RG220"
"0x955F","RV710_955F","RV710",1,,,,,"ATI Mobility Radeon 4330"
"0x9580","RV630_9580","RV630",,,,,,"ATI RV630"
"0x9581","RV630_9581","RV630",1,,,,,"ATI Mobility Radeon HD 2600"
"0x9583","RV630_9583","RV630",1,,,,,"ATI Mobility Radeon HD 2600 XT"
"0x9586","RV630_9586","RV630",,,,,,"ATI Radeon HD 2600 XT AGP"
"0x9587","RV630_9587","RV630",,,,,,"ATI Radeon HD 2600 Pro AGP"
"0x9588","RV630_9588","RV630",,,,,,"ATI Radeon HD 2600 XT"
"0x9589","RV630_9589","RV630",,,,,,"ATI Radeon HD 2600 Pro"
"0x958A","RV630_958A","RV630",,,,,,"ATI Gemini RV630"
"0x958B","RV630_958B","RV630",1,,,,,"ATI Gemini Mobility Radeon HD 2600 XT"
"0x958C","RV630_958C","RV630",,,,,,"ATI FireGL V5600"
"0x958D","RV630_958D","RV630",,,,,,"ATI FireGL V3600"
"0x958E","RV630_958E","RV630",,,,,,"ATI Radeon HD 2600 LE"
"0x958F","RV630_958F","RV630",1,,,,,"ATI Mobility FireGL Graphics Processor"
"0x95C0","RV620_95C0","RV620",,,,,,"ATI Radeon HD 3470"
"0x95C2","RV620_95C2","RV620",1,,,,,"ATI Mobility Radeon HD 3430"
"0x95C4","RV620_95C4","RV620",1,,,,,"ATI Mobility Radeon HD 3400 Series"
"0x95C5","RV620_95C5","RV620",,,,,,"ATI Radeon HD 3450"
"0x95C6","RV620_95C6","RV620",,,,,,"ATI Radeon HD 3450"
"0x95C7","RV620_95C7","RV620",,,,,,"ATI Radeon HD 3430"
"0x95C9","RV620_95C9","RV620",,,,,,"ATI Radeon HD 3450"
"0x95CC","RV620_95CC","RV620",,,,,,"ATI FirePro V3700"
"0x95CD","RV620_95CD","RV620",,,,,,"ATI FireMV 2450"
"0x95CE","RV620_95CE","RV620",,,,,,"ATI FireMV 2260"
"0x95CF","RV620_95CF","RV620",,,,,,"ATI FireMV 2260"
"0x9590","RV635_9590","RV635",,,,,,"ATI Radeon HD 3600 Series"
"0x9596","RV635_9596","RV635",,,,,,"ATI Radeon HD 3650 AGP"
"0x9597","RV635_9597","RV635",,,,,,"ATI Radeon HD 3600 PRO"
"0x9598","RV635_9598","RV635",,,,,,"ATI Radeon HD 3600 XT"
"0x9599","RV635_9599","RV635",,,,,,"ATI Radeon HD 3600 PRO"
"0x9591","RV635_9591","RV635",1,,,,,"ATI Mobility Radeon HD 3650"
"0x9593","RV635_9593","RV635",1,,,,,"ATI Mobility Radeon HD 3670"
"0x9595","RV635_9595","RV635",1,,,,,"ATI Mobility FireGL V5700"
"0x959B","RV635_959B","RV635",1,,,,,"ATI Mobility FireGL V5725"
"0x9610","RS780_9610","RS780",,1,,,1,"ATI Radeon HD 3200 Graphics"
"0x9611","RS780_9611","RS780",,1,,,1,"ATI Radeon 3100 Graphics"
"0x9612","RS780_9612","RS780",,1,,,1,"ATI Radeon HD 3200 Graphics"
"0x9613","RS780_9613","RS780",,1,,,1,"ATI Radeon 3100 Graphics"
"0x9614","RS780_9614","RS780",,1,,,1,"ATI Radeon HD 3300 Graphics"
"0x9615","RS780_9615","RS780",,1,,,1,"ATI Radeon HD 3200 Graphics"
"0x9616","RS780_9616","RS780",,1,,,1,"ATI Radeon 3000 Graphics"
"0x9640","SUMO_9640","SUMO",,1,,,1,"SUMO"
"0x9641","SUMO_9641","SUMO",1,1,,,1,"SUMO"
"0x9642","SUMO2_9642","SUMO2",,1,,,1,"SUMO2"
"0x9643","SUMO2_9643","SUMO2",1,1,,,1,"SUMO2"
"0x9644","SUMO2_9644","SUMO2",,1,,,1,"SUMO2"
"0x9645","SUMO2_9645","SUMO2",1,1,,,1,"SUMO2"
"0x9647","SUMO_9647","SUMO",1,1,,,1,"SUMO"
"0x9648","SUMO_9648","SUMO",1,1,,,1,"SUMO"
"0x9649","SUMO2_9649","SUMO2",1,1,,,1,"SUMO2"
"0x964A","SUMO_964A","SUMO",,1,,,1,"SUMO"
"0x964B","SUMO_964B","SUMO",,1,,,1,"SUMO"
"0x964C","SUMO_964C","SUMO",,1,,,1,"SUMO"
"0x964E","SUMO_964E","SUMO",1,1,,,1,"SUMO"
"0x964F","SUMO_964F","SUMO",1,1,,,1,"SUMO"
"0x9710","RS880_9710","RS880",,1,,,1,"ATI Radeon HD 4200"
"0x9711","RS880_9711","RS880",,1,,,1,"ATI Radeon 4100"
"0x9712","RS880_9712","RS880",1,1,,,1,"ATI Mobility Radeon HD 4200"
"0x9713","RS880_9713","RS880",1,1,,,1,"ATI Mobility Radeon 4100"
"0x9714","RS880_9714","RS880",,1,,,1,"ATI Radeon HD 4290"
"0x9715","RS880_9715","RS880",,1,,,1,"ATI Radeon HD 4250"
"0x9802","PALM_9802","PALM",,1,,,1,"AMD Radeon HD 6310 Graphics"
"0x9803","PALM_9803","PALM",,1,,,1,"AMD Radeon HD 6310 Graphics"
"0x9804","PALM_9804","PALM",,1,,,1,"AMD Radeon HD 6250 Graphics"
"0x9805","PALM_9805","PALM",,1,,,1,"AMD Radeon HD 6250 Graphics"
"0x9806","PALM_9806","PALM",,1,,,1,"AMD Radeon HD 6300 Series Graphics"
"0x9807","PALM_9807","PALM",,1,,,1,"AMD Radeon HD 6200 Series Graphics"
"0x9808","PALM_9808","PALM",,1,,,1,"PALM"
"0x9809","PALM_9809","PALM",,1,,,1,"PALM"
"0x980A","PALM_980A","PALM",,1,,,1,"PALM"
"0x6880","CYPRESS_6880","CYPRESS",1,,,,,"CYPRESS"
"0x6888","CYPRESS_6888","CYPRESS",,,,,,"ATI FirePro (FireGL) Graphics Adapter"
"0x6889","CYPRESS_6889","CYPRESS",,,,,,"ATI FirePro (FireGL) Graphics Adapter"
"0x688A","CYPRESS_688A","CYPRESS",,,,,,"ATI FirePro (FireGL) Graphics Adapter"
"0x688C","CYPRESS_688C","CYPRESS",,,,,,"AMD Firestream 9370"
"0x688D","CYPRESS_688D","CYPRESS",,,,,,"AMD Firestream 9350"
"0x6898","CYPRESS_6898","CYPRESS",,,,,,"ATI Radeon HD 5800 Series"
"0x6899","CYPRESS_6899","CYPRESS",,,,,,"ATI Radeon HD 5800 Series"
"0x689B","CYPRESS_689B","CYPRESS",,,,,,"ATI Radeon HD 5800 Series"
"0x689E","CYPRESS_689E","CYPRESS",,,,,,"ATI Radeon HD 5800 Series"
"0x689C","HEMLOCK_689C","HEMLOCK",,,,,,"ATI Radeon HD 5900 Series"
"0x689D","HEMLOCK_689D","HEMLOCK",,,,,,"ATI Radeon HD 5900 Series"
"0x68A0","JUNIPER_68A0","JUNIPER",1,,,,,"ATI Mobility Radeon HD 5800 Series"
"0x68A1","JUNIPER_68A1","JUNIPER",1,,,,,"ATI Mobility Radeon HD 5800 Series"
"0x68A8","JUNIPER_68A8","JUNIPER",,,,,,"ATI FirePro (FireGL) Graphics Adapter"
"0x68A9","JUNIPER_68A9","JUNIPER",,,,,,"ATI FirePro (FireGL) Graphics Adapter"
"0x68B0","JUNIPER_68B0","JUNIPER",1,,,,,"ATI Mobility Radeon HD 5800 Series"
"0x68B8","JUNIPER_68B8","JUNIPER",,,,,,"ATI Radeon HD 5700 Series"
"0x68B9","JUNIPER_68B9","JUNIPER",,,,,,"ATI Radeon HD 5700 Series"
"0x68BA","JUNIPER_68BA","JUNIPER",,,,,,"ATI Radeon HD 6700 Series"
"0x68BE","JUNIPER_68BE","JUNIPER",,,,,,"ATI Radeon HD 5700 Series"
"0x68BF","JUNIPER_68BF","JUNIPER",,,,,,"ATI Radeon HD 6700 Series"
"0x68C0","REDWOOD_68C0","REDWOOD",1,,,,,"ATI Mobility Radeon HD 5000 Series"
"0x68C1","REDWOOD_68C1","REDWOOD",1,,,,,"ATI Mobility Radeon HD 5000 Series"
"0x68C7","REDWOOD_68C7","REDWOOD",1,,,,,"ATI Mobility Radeon HD 5570"
"0x68C8","REDWOOD_68C8","REDWOOD",,,,,,"ATI FirePro (FireGL) Graphics Adapter"
"0x68C9","REDWOOD_68C9","REDWOOD",,,,,,"ATI FirePro (FireGL) Graphics Adapter"
"0x68D8","REDWOOD_68D8","REDWOOD",,,,,,"ATI Radeon HD 5670"
"0x68D9","REDWOOD_68D9","REDWOOD",,,,,,"ATI Radeon HD 5570"
"0x68DA","REDWOOD_68DA","REDWOOD",,,,,,"ATI Radeon HD 5500 Series"
"0x68DE","REDWOOD_68DE","REDWOOD",,,,,,"REDWOOD"
"0x68E0","CEDAR_68E0","CEDAR",1,,,,,"ATI Mobility Radeon HD 5000 Series"
"0x68E1","CEDAR_68E1","CEDAR",1,,,,,"ATI Mobility Radeon HD 5000 Series"
"0x68E4","CEDAR_68E4","CEDAR",1,,,,,"ATI Mobility Radeon Graphics"
"0x68E5","CEDAR_68E5","CEDAR",1,,,,,"ATI Mobility Radeon Graphics"
"0x68E8","CEDAR_68E8","CEDAR",,,,,,"CEDAR"
"0x68E9","CEDAR_68E9","CEDAR",,,,,,"ATI FirePro (FireGL) Graphics Adapter"
"0x68F1","CEDAR_68F1","CEDAR",,,,,,"ATI FirePro (FireGL) Graphics Adapter"
"0x68F2","CEDAR_68F2","CEDAR",,,,,,"ATI FirePro 2270"
"0x68F8","CEDAR_68F8","CEDAR",,,,,,"CEDAR"
"0x68F9","CEDAR_68F9","CEDAR",,,,,,"ATI Radeon HD 5450"
"0x68FA","CEDAR_68FA","CEDAR",,,,,,"CEDAR"
"0x68FE","CEDAR_68FE","CEDAR",,,,,,"CEDAR"
"0x6700","CAYMAN_6700","CAYMAN",,,,,,"CAYMAN"
"0x6701","CAYMAN_6701","CAYMAN",,,,,,"CAYMAN"
"0x6702","CAYMAN_6702","CAYMAN",,,,,,"CAYMAN"
"0x6703","CAYMAN_6703","CAYMAN",,,,,,"CAYMAN"
"0x6704","CAYMAN_6704","CAYMAN",,,,,,"CAYMAN"
"0x6705","CAYMAN_6705","CAYMAN",,,,,,"CAYMAN"
"0x6706","CAYMAN_6706","CAYMAN",,,,,,"CAYMAN"
"0x6707","CAYMAN_6707","CAYMAN",,,,,,"CAYMAN"
"0x6708","CAYMAN_6708","CAYMAN",,,,,,"CAYMAN"
"0x6709","CAYMAN_6709","CAYMAN",,,,,,"CAYMAN"
"0x6718","CAYMAN_6718","CAYMAN",,,,,,"AMD Radeon HD 6900 Series"
"0x6719","CAYMAN_6719","CAYMAN",,,,,,"AMD Radeon HD 6900 Series"
"0x671C","CAYMAN_671C","CAYMAN",,,,,,"CAYMAN"
"0x671D","CAYMAN_671D","CAYMAN",,,,,,"CAYMAN"
"0x671F","CAYMAN_671F","CAYMAN",,,,,,"CAYMAN"
"0x6720","BARTS_6720","BARTS",1,,,,,"AMD Radeon HD 6900M Series"
"0x6721","BARTS_6721","BARTS",1,,,,,"Mobility Radeon HD 6000 Series"
"0x6722","BARTS_6722","BARTS",,,,,,"BARTS"
"0x6723","BARTS_6723","BARTS",,,,,,"BARTS"
"0x6724","BARTS_6724","BARTS",1,,,,,"Mobility Radeon HD 6000 Series"
"0x6725","BARTS_6725","BARTS",1,,,,,"Mobility Radeon HD 6000 Series"
"0x6726","BARTS_6726","BARTS",,,,,,"BARTS"
"0x6727","BARTS_6727","BARTS",,,,,,"BARTS"
"0x6728","BARTS_6728","BARTS",,,,,,"BARTS"
"0x6729","BARTS_6729","BARTS",,,,,,"BARTS"
"0x6738","BARTS_6738","BARTS",,,,,,"AMD Radeon HD 6800 Series"
"0x6739","BARTS_6739","BARTS",,,,,,"AMD Radeon HD 6800 Series"
"0x673E","BARTS_673E","BARTS",,,,,,"AMD Radeon HD 6700 Series"
"0x6740","TURKS_6740","TURKS",1,,,,,"TURKS"
"0x6741","TURKS_6741","TURKS",1,,,,,"TURKS"
"0x6742","TURKS_6742","TURKS",1,,,,,"TURKS"
"0x6743","TURKS_6743","TURKS",1,,,,,"TURKS"
"0x6744","TURKS_6744","TURKS",1,,,,,"TURKS"
"0x6745","TURKS_6745","TURKS",1,,,,,"TURKS"
"0x6746","TURKS_6746","TURKS",,,,,,"TURKS"
"0x6747","TURKS_6747","TURKS",,,,,,"TURKS"
"0x6748","TURKS_6748","TURKS",,,,,,"TURKS"
"0x6749","TURKS_6749","TURKS",,,,,,"TURKS"
"0x674A","TURKS_674A","TURKS",,,,,,"TURKS"
"0x6750","TURKS_6750","TURKS",,,,,,"TURKS"
"0x6751","TURKS_6751","TURKS",,,,,,"TURKS"
"0x6758","TURKS_6758","TURKS",,,,,,"TURKS"
"0x6759","TURKS_6759","TURKS",,,,,,"TURKS"
"0x675B","TURKS_675B","TURKS",,,,,,"TURKS"
"0x675D","TURKS_675D","TURKS",,,,,,"TURKS"
"0x675F","TURKS_675F","TURKS",,,,,,"TURKS"
"0x6840","TURKS_6840","TURKS",1,,,,,"TURKS"
"0x6841","TURKS_6841","TURKS",1,,,,,"TURKS"
"0x6842","TURKS_6842","TURKS",1,,,,,"TURKS"
"0x6843","TURKS_6843","TURKS",1,,,,,"TURKS"
"0x6849","TURKS_6849","TURKS",,,,,,"TURKS"
"0x6850","TURKS_6850","TURKS",,,,,,"TURKS"
"0x6858","TURKS_6858","TURKS",,,,,,"TURKS"
"0x6859","TURKS_6859","TURKS",,,,,,"TURKS"
"0x6760","CAICOS_6760","CAICOS",1,,,,,"CAICOS"
"0x6761","CAICOS_6761","CAICOS",1,,,,,"CAICOS"
"0x6762","CAICOS_6762","CAICOS",,,,,,"CAICOS"
"0x6763","CAICOS_6763","CAICOS",,,,,,"CAICOS"
"0x6764","CAICOS_6764","CAICOS",1,,,,,"CAICOS"
"0x6765","CAICOS_6765","CAICOS",1,,,,,"CAICOS"
"0x6766","CAICOS_6766","CAICOS",,,,,,"CAICOS"
"0x6767","CAICOS_6767","CAICOS",,,,,,"CAICOS"
"0x6768","CAICOS_6768","CAICOS",,,,,,"CAICOS"
"0x6770","CAICOS_6770","CAICOS",,,,,,"CAICOS"
"0x6771","CAICOS_6771","CAICOS",,,,,,"CAICOS"
"0x6772","CAICOS_6772","CAICOS",,,,,,"CAICOS"
"0x6778","CAICOS_6778","CAICOS",,,,,,"CAICOS"
"0x6779","CAICOS_6779","CAICOS",,,,,,"CAICOS"
"0x677B","CAICOS_677B","CAICOS",,,,,,"CAICOS"
"0x9900","ARUBA_9900","ARUBA",1,1,,,,"ARUBA"
"0x9901","ARUBA_9901","ARUBA",,1,,,,"ARUBA"
"0x9903","ARUBA_9903","ARUBA",1,1,,,,"ARUBA"
"0x9904","ARUBA_9904","ARUBA",,1,,,,"ARUBA"
"0x9905","ARUBA_9905","ARUBA",,1,,,,"ARUBA"
"0x9906","ARUBA_9906","ARUBA",,1,,,,"ARUBA"
"0x9907","ARUBA_9907","ARUBA",1,1,,,,"ARUBA"
"0x9908","ARUBA_9908","ARUBA",1,1,,,,"ARUBA"
"0x9909","ARUBA_9909","ARUBA",1,1,,,,"ARUBA"
"0x990A","ARUBA_990A","ARUBA",1,1,,,,"ARUBA"
"0x990B","ARUBA_990B","ARUBA",1,1,,,,"ARUBA"
"0x990C","ARUBA_990C","ARUBA",,1,,,,"ARUBA"
"0x990D","ARUBA_990D","ARUBA",1,1,,,,"ARUBA"
"0x990E","ARUBA_990E","ARUBA",,1,,,,"ARUBA"
"0x990F","ARUBA_990F","ARUBA",1,1,,,,"ARUBA"
"0x9910","ARUBA_9910","ARUBA",1,1,,,,"ARUBA"
"0x9913","ARUBA_9913","ARUBA",1,1,,,,"ARUBA"
"0x9917","ARUBA_9917","ARUBA",,1,,,,"ARUBA"
"0x9918","ARUBA_9918","ARUBA",,1,,,,"ARUBA"
"0x9919","ARUBA_9919","ARUBA",,1,,,,"ARUBA"
"0x9990","ARUBA_9990","ARUBA",1,1,,,,"ARUBA"
"0x9991","ARUBA_9991","ARUBA",,1,,,,"ARUBA"
"0x9992","ARUBA_9992","ARUBA",1,1,,,,"ARUBA"
"0x9993","ARUBA_9993","ARUBA",,1,,,,"ARUBA"
"0x9994","ARUBA_9994","ARUBA",1,1,,,,"ARUBA"
"0x9995","ARUBA_9995","ARUBA",1,1,,,,"ARUBA"
"0x9996","ARUBA_9996","ARUBA",,1,,,,"ARUBA"
"0x9997","ARUBA_9997","ARUBA",1,1,,,,"ARUBA"
"0x9998","ARUBA_9998","ARUBA",,1,,,,"ARUBA"
"0x9999","ARUBA_9999","ARUBA",1,1,,,,"ARUBA"
"0x999A","ARUBA_999A","ARUBA",1,1,,,,"ARUBA"
"0x999B","ARUBA_999B","ARUBA",1,1,,,,"ARUBA"
"0x999C","ARUBA_999C","ARUBA",,1,,,,"ARUBA"
"0x999D","ARUBA_999D","ARUBA",,1,,,,"ARUBA"
"0x99A0","ARUBA_99A0","ARUBA",1,1,,,,"ARUBA"
"0x99A2","ARUBA_99A2","ARUBA",1,1,,,,"ARUBA"
"0x99A4","ARUBA_99A4","ARUBA",,1,,,,"ARUBA"
"0x6780","TAHITI_6780","TAHITI",,,,,,"TAHITI"
"0x6784","TAHITI_6784","TAHITI",,,,,,"TAHITI"
"0x6788","TAHITI_6788","TAHITI",,,,,,"TAHITI"
"0x678A","TAHITI_678A","TAHITI",,,,,,"TAHITI"
"0x6790","TAHITI_6790","TAHITI",,,,,,"TAHITI"
"0x6791","TAHITI_6791","TAHITI",,,,,,"TAHITI"
"0x6792","TAHITI_6792","TAHITI",,,,,,"TAHITI"
"0x6798","TAHITI_6798","TAHITI",,,,,,"TAHITI"
"0x6799","TAHITI_6799","TAHITI",,,,,,"TAHITI"
"0x679A","TAHITI_679A","TAHITI",,,,,,"TAHITI"
"0x679B","TAHITI_679B","TAHITI",,,,,,"TAHITI"
"0x679E","TAHITI_679E","TAHITI",,,,,,"TAHITI"
"0x679F","TAHITI_679F","TAHITI",,,,,,"TAHITI"
"0x6800","PITCAIRN_6800","PITCAIRN",1,,,,,"PITCAIRN"
"0x6801","PITCAIRN_6801","PITCAIRN",1,,,,,"PITCAIRN"
"0x6802","PITCAIRN_6802","PITCAIRN",1,,,,,"PITCAIRN"
"0x6806","PITCAIRN_6806","PITCAIRN",,,,,,"PITCAIRN"
"0x6808","PITCAIRN_6808","PITCAIRN",,,,,,"PITCAIRN"
"0x6809","PITCAIRN_6809","PITCAIRN",,,,,,"PITCAIRN"
"0x6810","PITCAIRN_6810","PITCAIRN",,,,,,"PITCAIRN"
"0x6811","PITCAIRN_6811","PITCAIRN",,,,,,"PITCAIRN"
"0x6816","PITCAIRN_6816","PITCAIRN",,,,,,"PITCAIRN"
"0x6817","PITCAIRN_6817","PITCAIRN",,,,,,"PITCAIRN"
"0x6818","PITCAIRN_6818","PITCAIRN",,,,,,"PITCAIRN"
"0x6819","PITCAIRN_6819","PITCAIRN",,,,,,"PITCAIRN"
"0x684C","PITCAIRN_684C","PITCAIRN",,,,,,"PITCAIRN"
"0x6820","VERDE_6820","VERDE",1,,,,,"VERDE"
"0x6821","VERDE_6821","VERDE",1,,,,,"VERDE"
"0x6822","VERDE_6822","VERDE",1,,,,,"VERDE"
"0x6823","VERDE_6823","VERDE",1,,,,,"VERDE"
"0x6824","VERDE_6824","VERDE",1,,,,,"VERDE"
"0x6825","VERDE_6825","VERDE",1,,,,,"VERDE"
"0x6826","VERDE_6826","VERDE",1,,,,,"VERDE"
"0x6827","VERDE_6827","VERDE",1,,,,,"VERDE"
"0x6828","VERDE_6828","VERDE",,,,,,"VERDE"
"0x6829","VERDE_6829","VERDE",,,,,,"VERDE"
"0x682A","VERDE_682A","VERDE",1,,,,,"VERDE"
"0x682B","VERDE_682B","VERDE",1,,,,,"VERDE"
"0x682C","VERDE_682C","VERDE",,,,,,"VERDE"
"0x682D","VERDE_682D","VERDE",1,,,,,"VERDE"
"0x682F","VERDE_682F","VERDE",1,,,,,"VERDE"
"0x6830","VERDE_6830","VERDE",1,,,,,"VERDE"
"0x6831","VERDE_6831","VERDE",1,,,,,"VERDE"
"0x6835","VERDE_6835","VERDE",,,,,,"VERDE"
"0x6837","VERDE_6837","VERDE",,,,,,"VERDE"
"0x6838","VERDE_6838","VERDE",,,,,,"VERDE"
"0x6839","VERDE_6839","VERDE",,,,,,"VERDE"
"0x683B","VERDE_683B","VERDE",,,,,,"VERDE"
"0x683D","VERDE_683D","VERDE",,,,,,"VERDE"
"0x683F","VERDE_683F","VERDE",,,,,,"VERDE"
"0x6600","OLAND_6600","OLAND",1,,,,,"OLAND"
"0x6601","OLAND_6601","OLAND",1,,,,,"OLAND"
"0x6602","OLAND_6602","OLAND",1,,,,,"OLAND"
"0x6603","OLAND_6603","OLAND",1,,,,,"OLAND"
"0x6604","OLAND_6604","OLAND",1,,,,,"OLAND"
"0x6605","OLAND_6605","OLAND",1,,,,,"OLAND"
"0x6606","OLAND_6606","OLAND",1,,,,,"OLAND"
"0x6607","OLAND_6607","OLAND",1,,,,,"OLAND"
"0x6608","OLAND_6608","OLAND",,,,,,"OLAND"
"0x6610","OLAND_6610","OLAND",,,,,,"OLAND"
"0x6611","OLAND_6611","OLAND",,,,,,"OLAND"
"0x6613","OLAND_6613","OLAND",,,,,,"OLAND"
"0x6617","OLAND_6617","OLAND",1,,,,,"OLAND"
"0x6620","OLAND_6620","OLAND",1,,,,,"OLAND"
"0x6621","OLAND_6621","OLAND",1,,,,,"OLAND"
"0x6623","OLAND_6623","OLAND",1,,,,,"OLAND"
"0x6631","OLAND_6631","OLAND",,,,,,"OLAND"
"0x6660","HAINAN_6660","HAINAN",1,,,,,"HAINAN"
"0x6663","HAINAN_6663","HAINAN",1,,,,,"HAINAN"
"0x6664","HAINAN_6664","HAINAN",1,,,,,"HAINAN"
"0x6665","HAINAN_6665","HAINAN",1,,,,,"HAINAN"
"0x6667","HAINAN_6667","HAINAN",1,,,,,"HAINAN"
"0x666F","HAINAN_666F","HAINAN",1,,,,,"HAINAN"
"0x6640","BONAIRE_6640","BONAIRE",1,,,,,"BONAIRE"
"0x6641","BONAIRE_6641","BONAIRE",1,,,,,"BONAIRE"
"0x6646","BONAIRE_6646","BONAIRE",1,,,,,"BONAIRE"
"0x6647","BONAIRE_6647","BONAIRE",1,,,,,"BONAIRE"
"0x6649","BONAIRE_6649","BONAIRE",,,,,,"BONAIRE"
"0x6650","BONAIRE_6650","BONAIRE",,,,,,"BONAIRE"
"0x6651","BONAIRE_6651","BONAIRE",,,,,,"BONAIRE"
"0x6658","BONAIRE_6658","BONAIRE",,,,,,"BONAIRE"
"0x665C","BONAIRE_665C","BONAIRE",,,,,,"BONAIRE"
"0x665D","BONAIRE_665D","BONAIRE",,,,,,"BONAIRE"
"0x665F","BONAIRE_665F","BONAIRE",,,,,,"BONAIRE"
"0x9830","KABINI_9830","KABINI",1,1,,,1,"KABINI"
"0x9831","KABINI_9831","KABINI",,1,,,1,"KABINI"
"0x9832","KABINI_9832","KABINI",1,1,,,1,"KABINI"
"0x9833","KABINI_9833","KABINI",,1,,,1,"KABINI"
"0x9834","KABINI_9834","KABINI",1,1,,,1,"KABINI"
"0x9835","KABINI_9835","KABINI",,1,,,1,"KABINI"
"0x9836","KABINI_9836","KABINI",1,1,,,1,"KABINI"
"0x9837","KABINI_9837","KABINI",,1,,,1,"KABINI"
"0x9838","KABINI_9838","KABINI",1,1,,,1,"KABINI"
"0x9839","KABINI_9839","KABINI",1,1,,,1,"KABINI"
"0x983A","KABINI_983A","KABINI",,1,,,1,"KABINI"
"0x983B","KABINI_983B","KABINI",1,1,,,1,"KABINI"
"0x983C","KABINI_983C","KABINI",,1,,,1,"KABINI"
"0x983D","KABINI_983D","KABINI",,1,,,1,"KABINI"
"0x983E","KABINI_983E","KABINI",,1,,,1,"KABINI"
"0x983F","KABINI_983F","KABINI",,1,,,1,"KABINI"
"0x9850","MULLINS_9850","MULLINS",1,1,,,1,"MULLINS"
"0x9851","MULLINS_9851","MULLINS",1,1,,,1,"MULLINS"
"0x9852","MULLINS_9852","MULLINS",1,1,,,1,"MULLINS"
"0x9853","MULLINS_9853","MULLINS",1,1,,,1,"MULLINS"
"0x9854","MULLINS_9854","MULLINS",1,1,,,1,"MULLINS"
"0x9855","MULLINS_9855","MULLINS",1,1,,,1,"MULLINS"
"0x9856","MULLINS_9856","MULLINS",1,1,,,1,"MULLINS"
"0x9857","MULLINS_9857","MULLINS",1,1,,,1,"MULLINS"
"0x9858","MULLINS_9858","MULLINS",1,1,,,1,"MULLINS"
"0x9859","MULLINS_9859","MULLINS",1,1,,,1,"MULLINS"
"0x985A","MULLINS_985A","MULLINS",1,1,,,1,"MULLINS"
"0x985B","MULLINS_985B","MULLINS",1,1,,,1,"MULLINS"
"0x985C","MULLINS_985C","MULLINS",1,1,,,1,"MULLINS"
"0x985D","MULLINS_985D","MULLINS",1,1,,,1,"MULLINS"
"0x985E","MULLINS_985E","MULLINS",1,1,,,1,"MULLINS"
"0x985F","MULLINS_985F","MULLINS",1,1,,,1,"MULLINS"
"0x1304","KAVERI_1304","KAVERI",1,1,,,1,"KAVERI"
"0x1305","KAVERI_1305","KAVERI",,1,,,1,"KAVERI"
"0x1306","KAVERI_1306","KAVERI",1,1,,,1,"KAVERI"
"0x1307","KAVERI_1307","KAVERI",,1,,,1,"KAVERI"
"0x1309","KAVERI_1309","KAVERI",1,1,,,1,"KAVERI"
"0x130A","KAVERI_130A","KAVERI",1,1,,,1,"KAVERI"
"0x130B","KAVERI_130B","KAVERI",1,1,,,1,"KAVERI"
"0x130C","KAVERI_130C","KAVERI",1,1,,,1,"KAVERI"
"0x130D","KAVERI_130D","KAVERI",1,1,,,1,"KAVERI"
"0x130E","KAVERI_130E","KAVERI",1,1,,,1,"KAVERI"
"0x130F","KAVERI_130F","KAVERI",,1,,,1,"KAVERI"
"0x1310","KAVERI_1310","KAVERI",,1,,,1,"KAVERI"
"0x1311","KAVERI_1311","KAVERI",,1,,,1,"KAVERI"
"0x1312","KAVERI_1312","KAVERI",,1,,,1,"KAVERI"
"0x1313","KAVERI_1313","KAVERI",,1,,,1,"KAVERI"
"0x1315","KAVERI_1315","KAVERI",,1,,,1,"KAVERI"
"0x1316","KAVERI_1316","KAVERI",,1,,,1,"KAVERI"
"0x1317","KAVERI_1317","KAVERI",1,1,,,1,"KAVERI"
"0x1318","KAVERI_1318","KAVERI",1,1,,,1,"KAVERI"
"0x131B","KAVERI_131B","KAVERI",,1,,,1,"KAVERI"
"0x131C","KAVERI_131C","KAVERI",,1,,,1,"KAVERI"
"0x131D","KAVERI_131D","KAVERI",,1,,,1,"KAVERI"
"0x67A0","HAWAII_67A0","HAWAII",,,,,,"HAWAII"
"0x67A1","HAWAII_67A1","HAWAII",,,,,,"HAWAII"
"0x67A2","HAWAII_67A2","HAWAII",,,,,,"HAWAII"
"0x67A8","HAWAII_67A8","HAWAII",,,,,,"HAWAII"
"0x67A9","HAWAII_67A9","HAWAII",,,,,,"HAWAII"
"0x67AA","HAWAII_67AA","HAWAII",,,,,,"HAWAII"
"0x67B0","HAWAII_67B0","HAWAII",,,,,,"HAWAII"
"0x67B1","HAWAII_67B1","HAWAII",,,,,,"HAWAII"
"0x67B8","HAWAII_67B8","HAWAII",,,,,,"HAWAII"
"0x67B9","HAWAII_67B9","HAWAII",,,,,,"HAWAII"
"0x67BA","HAWAII_67BA","HAWAII",,,,,,"HAWAII"
"0x67BE","HAWAII_67BE","HAWAII",,,,,,"HAWAII"
